param_activation,param_alpha,param_hidden_layer_sizes,params,mean_test_Recall,rank_test_Recall,mean_test_Precision,rank_test_Precision,mean_test_F1,rank_test_F1,mean_test_Accuracy,rank_test_Accuracy,mean_test_Balanced accuracy,rank_test_Balanced accuracy,mean_test_AUROC,rank_test_AUROC
tanh,0.0001,"(200, 100)","{'activation': 'tanh', 'alpha': 0.0001, 'hidden_layer_sizes': (200, 100)}",0.890155718020428,2,0.8327173778949423,6,0.860372941989435,3,0.8554184111922695,3,0.8554150770610409,3,0.9291078374341398,1
relu,0.0001,"(200, 100)","{'activation': 'relu', 'alpha': 0.0001, 'hidden_layer_sizes': (200, 100)}",0.892099343385214,1,0.8411821723309922,2,0.8657375682293948,1,0.8615095550701224,1,0.8615100430143482,1,0.9259005887053314,2
tanh,0.0001,"(50,)","{'activation': 'tanh', 'alpha': 0.0001, 'hidden_layer_sizes': (50,)}",0.8755443290977627,5,0.8308975320588997,7,0.8524651467064503,6,0.8483564008919835,6,0.848353998206469,6,0.9237747773403789,3
relu,0.1,"(50,)","{'activation': 'relu', 'alpha': 0.1, 'hidden_layer_sizes': (50,)}",0.8899220269941635,3,0.8352702070015723,3,0.8615433927870997,2,0.8568808735522334,2,0.8568856205921693,2,0.9216691850433721,4
relu,0.0001,"(50,)","{'activation': 'relu', 'alpha': 0.0001, 'hidden_layer_sizes': (50,)}",0.8835838703793775,4,0.8288864194224536,8,0.85518375010181,4,0.8503031113234882,5,0.850305223279426,5,0.9160029908548011,5
relu,0.1,"(200, 100)","{'activation': 'relu', 'alpha': 0.1, 'hidden_layer_sizes': (200, 100)}",0.8660361442120623,7,0.8447301464831996,1,0.8550922790545201,5,0.8532268509037402,4,0.8532249361624514,4,0.9095992202226283,6
tanh,0.1,"(200, 100)","{'activation': 'tanh', 'alpha': 0.1, 'hidden_layer_sizes': (200, 100)}",0.8704316254255837,6,0.8329055667086942,5,0.8510304603654137,7,0.8476213772650389,7,0.8476263261490758,7,0.9061684768658969,7
tanh,0.1,"(50,)","{'activation': 'tanh', 'alpha': 0.1, 'hidden_layer_sizes': (50,)}",0.8653122720087549,8,0.8334802058155295,4,0.8489308943406989,8,0.8461624703241025,8,0.846161482399076,8,0.9018304518118178,8
