param_C,param_gamma,param_kernel,params,mean_test_Recall,rank_test_Recall,mean_test_Precision,rank_test_Precision,mean_test_F1,rank_test_F1,mean_test_Accuracy,rank_test_Accuracy,mean_test_Balanced accuracy,rank_test_Balanced accuracy,mean_test_AUROC,rank_test_AUROC
5,auto,rbf,"{'C': 5, 'gamma': 'auto', 'kernel': 'rbf'}",0.9915139889341267,4,0.9244819674197606,1,0.9567751256048682,1,0.9547803162744233,1,0.954468370114173,1,0.9955665286002414,1
1,auto,rbf,"{'C': 1, 'gamma': 'auto', 'kernel': 'rbf'}",0.9935340327800397,3,0.9163353800803082,2,0.9533316441779646,2,0.9509100793874309,2,0.9505478889094331,2,0.9950326611934938,2
1,3,rbf,"{'C': 1, 'gamma': 3, 'kernel': 'rbf'}",1.0,1,0.7406797888744281,4,0.8509639508541088,4,0.8232890720066316,4,0.8218011890638481,4,0.9550988185640993,3
5,3,rbf,"{'C': 5, 'gamma': 3, 'kernel': 'rbf'}",1.0,1,0.7410206275060772,3,0.8511864963091238,3,0.8235947787088649,3,0.8221095772217429,3,0.9550988185640993,3
